{
  "layer_0": 0.027517929272856345,
  "layer_1": 0.02126433926732829,
  "layer_2": 0.02409902105427142,
  "layer_3": 0.020329871396206234,
  "layer_4": 0.01706664092763488,
  "layer_5": 0.015485568117978521,
  "layer_6": 0.01523561430891951,
  "layer_7": 0.014564575635855448,
  "layer_8": 0.014876476465256139,
  "layer_9": 0.01595121263498711,
  "layer_10": 0.01931643792765836,
  "layer_11": 0.023837837376185722
}