{
    "layer_0": 0.023431006406472665,
    "layer_1": 0.025826007389238126,
    "layer_2": 0.02094150147372431,
    "layer_3": 0.018971069119018913,
    "layer_4": 0.018672970418268542,
    "layer_5": 0.019410158202783467,
    "layer_6": 0.015678457763944054,
    "layer_7": 0.01622495579562433,
    "layer_8": 0.015948655367550635,
    "layer_9": 0.014104584695442735,
    "layer_10": 0.017186043079317925,
    "layer_11": 0.01908100083553954
}