{
    "layer_0": 0.015461576074367156,
    "layer_1": 0.01702333096675257,
    "layer_2": 0.013717873340056808,
    "layer_3": 0.011192713416646072,
    "layer_4": 0.009705009472079418,
    "layer_5": 0.008701181761446186,
    "layer_6": 0.008491615717267309,
    "layer_7": 0.008808658778630352,
    "layer_8": 0.009768048693081899,
    "layer_9": 0.009926523087630978,
    "layer_10": 0.011233506290886264,
    "layer_11": 0.011494022232588441
}