{
    "layer_0": 0.019188346787740396,
    "layer_1": 0.017844086817058735,
    "layer_2": 0.016570814916047838,
    "layer_3": 0.01434429837076212,
    "layer_4": 0.01174667438958743,
    "layer_5": 0.01189987153685168,
    "layer_6": 0.007818293023794776,
    "layer_7": 0.005610779258415799,
    "layer_8": 0.005520272149159733,
    "layer_9": 0.005545750096338398,
    "layer_10": 0.005402033567517894,
    "layer_11": 0.005017129462059233
}