{"layer_0": 2.8263757264723743e-05, "layer_1": 6.586136587605207e-05, "layer_2": 0.00014070708398949971, "layer_3": 0.00012938875556534057, "layer_4": 9.742343926688601e-05, "layer_5": 6.905077351504474e-05, "layer_6": 6.72182533193455e-05, "layer_7": 6.691342542763934e-05, "layer_8": 6.873499793658144e-05, "layer_9": 7.084764698861434e-05, "layer_10": 7.132646963559086e-05, "layer_11": 9.906347505850288e-05}