{"layer_0": 0.015461576073332761, "layer_1": 0.017023330963070404, "layer_2": 0.013717873342005582, "layer_3": 0.011192713415946298, "layer_4": 0.009705009470101889, "layer_5": 0.008701181761285537, "layer_6": 0.008491615717078793, "layer_7": 0.008808658777840317, "layer_8": 0.009768048692601616, "layer_9": 0.009926523088823802, "layer_10": 0.01123350629108888, "layer_11": 0.011494022230199907}