{
    "layer_0": 0.000028263757268720546,
    "layer_1": 0.00006586136587583002,
    "layer_2": 0.00014070708398916665,
    "layer_3": 0.00012938875556656182,
    "layer_4": 0.00009742343926844033,
    "layer_5": 0.00006905077351959665,
    "layer_6": 0.0000672182533283383,
    "layer_7": 0.00006691342545661616,
    "layer_8": 0.00006873499796389293,
    "layer_9": 0.00007084764699183399,
    "layer_10": 0.00007132646962959566,
    "layer_11": 0.00009906347508270574
}