{"layer_0": 0.019188346765789066, "layer_1": 0.01784408707825691, "layer_2": 0.016570814914568355, "layer_3": 0.014344298993100413, "layer_4": 0.01174667293927234, "layer_5": 0.011899871979506593, "layer_6": 0.007818292323050091, "layer_7": 0.005610779641755936, "layer_8": 0.005520272161017581, "layer_9": 0.005545750259000726, "layer_10": 0.00540203346826551, "layer_11": 0.005017129156430045}