{"layer_0": 0.023682358649311452, "layer_1": 0.025699105081634754, "layer_2": 0.02089792973540483, "layer_3": 0.02002108454130891, "layer_4": 0.018731022559032584, "layer_5": 0.019408527695148337, "layer_6": 0.016423901176689792, "layer_7": 0.01679835787057371, "layer_8": 0.015899798031110968, "layer_9": 0.014952183772276584, "layer_10": 0.016944274560885986, "layer_11": 0.019083040073881175}