{
  "layer_0": 0.2855181553386208,
  "layer_1": 0.2580811103600701,
  "layer_2": 0.239222404391494,
  "layer_3": 0.22696952161812944,
  "layer_4": 0.21438728660568307,
  "layer_5": 0.21594274178461126,
  "layer_6": 0.21878964769760378,
  "layer_7": 0.23429000449825965,
  "layer_8": 0.26209657180286705,
  "layer_9": 0.2875673014973774,
  "layer_10": 0.3317424458491477,
  "layer_11": 0.37327636960991695
}