{
  "layer_0": 0.02447857149138899,
  "layer_1": 0.021584802436461548,
  "layer_2": 0.019146059356776157,
  "layer_3": 0.016481953269480876,
  "layer_4": 0.014727912950320499,
  "layer_5": 0.014347277680091142,
  "layer_6": 0.014593175583667684,
  "layer_7": 0.015239110902572128,
  "layer_8": 0.017558012027321435,
  "layer_9": 0.02294768313098372,
  "layer_10": 0.029273760108303737,
  "layer_11": 0.04009915084191684
}